#,English,Japanese,Romaji,Type1,Type2
1,Bulbasaur,フシギダネ,Fushigidane,Grass,Poison
2,Ivysaur,フシギソウ,Fushigisō,Grass,Poison
3,Venusaur,フシギバナ,Fushigibana,Grass,Poison
4,Charmander,ヒトカゲ,Hitokage,Fire,
5,Charmeleon,リザード,Rizādo,Fire,
6,Charizard,リザードン,Rizādon,Fire,Flying
7,Squirtle,ゼニガメ,Zenigame,Water,
8,Wartortle,カメール,Kamēru,Water,
9,Blastoise,カメックス,Kamekkusu,Water,
10,Caterpie,キャタピー,Kyatapī,Bug,
11,Metapod,トランセル,Toranseru,Bug,
12,Butterfree,バタフリー,Batafurī,Bug,Flying
13,Weedle,ビードル,Bīdoru,Bug,Poison
14,Kakuna,コクーン,Kokūn,Bug,Poison
15,Beedrill,スピアー,Supiā,Bug,Poison
16,Pidgey,ポッポ,Poppo,Normal,Flying
17,Pidgeotto,ピジョン,Pijon,Normal,Flying
18,Pidgeot,ピジョット,Pijotto,Normal,Flying
19,Rattata,コラッタ,Koratta,Normal,
20,Raticate,ラッタ,Ratta,Normal,
21,Spearow,オニスズメ,Onisuzume,Normal,Flying
22,Fearow,オニドリル,Onidoriru,Normal,Flying
23,Ekans,アーボ,Ābo,Poison,
24,Arbok,アーボック,Ābokku,Poison,
25,Pikachu,ピカチュウ,Pikachū,Electric,
26,Raichu,ライチュウ,Raichū,Electric,
27,Sandshrew,サンド,Sando,Ground,
28,Sandslash,サンドパン,Sandopan,Ground,
29,Nidoran♀,ニドラン♀,Nidoran Mesu,Poison,
30,Nidorina,ニドリーナ,Nidorīna,Poison,
31,Nidoqueen,ニドクイン,Nidokuin,Poison,Ground
32,Nidoran♂,ニドラン♂,Nidoran Osu,Poison,
33,Nidorino,ニドリーノ,Nidorīno,Poison,
34,Nidoking,ニドキング,Nidokingu,Poison,Ground
35,Clefairy,ピッピ,Pippi,Fairy,
36,Clefable,ピクシー,Pikushī,Fairy,
37,Vulpix,ロコン,Rokon,Fire,
38,Ninetales,キュウコン,Kyūkon,Fire,
39,Jigglypuff,プリン,Purin,Normal,Fairy
40,Wigglytuff,プクリン,Pukurin,Normal,Fairy
41,Zubat,ズバット,Zubatto,Poison,Flying
42,Golbat,ゴルバット,Gorubatto,Poison,Flying
43,Oddish,ナゾノクサ,Nazonokusa,Grass,Poison
44,Gloom,クサイハナ,Kusaihana,Grass,Poison
45,Vileplume,ラフレシア,Rafureshia,Grass,Poison
46,Paras,パラス,Parasu,Bug,Grass
47,Parasect,パラセクト,Parasekuto,Bug,Grass
48,Venonat,コンパン,Konpan,Bug,Poison
49,Venomoth,モルフォン,Morufon,Bug,Poison
50,Diglett,ディグダ,Diguda,Ground,
51,Dugtrio,ダグトリオ,Dagutorio,Ground,
52,Meowth,ニャース,Nyāsu,Normal,
53,Persian,ペルシアン,Perushian,Normal,
54,Psyduck,コダック,Kodakku,Water,
55,Golduck,ゴルダック,Gorudakku,Water,
56,Mankey,マンキー,Mankī,Fighting,
57,Primeape,オコリザル,Okorizaru,Fighting,
58,Growlithe,ガーディ,Gādi,Fire,
59,Arcanine,ウインディ,Uindi,Fire,
60,Poliwag,ニョロモ,Nyoromo,Water,
61,Poliwhirl,ニョロゾ,Nyorozo,Water,
62,Poliwrath,ニョロボン,Nyorobon,Water,Fighting
63,Abra,ケーシィ,Kēshī,Psychic,
64,Kadabra,ユンゲラー,Yungerā,Psychic,
65,Alakazam,フーディン,Fūdin,Psychic,
66,Machop,ワンリキー,Wanrikī,Fighting,
67,Machoke,ゴーリキー,Gōrikī,Fighting,
68,Machamp,カイリキー,Kairikī,Fighting,
69,Bellsprout,マダツボミ,Madatsubomi,Grass,Poison
70,Weepinbell,ウツドン,Utsudon,Grass,Poison
71,Victreebel,ウツボット,Utsubotto,Grass,Poison
72,Tentacool,メノクラゲ,Menokurage,Water,Poison
73,Tentacruel,ドククラゲ,Dokukurage,Water,Poison
74,Geodude,イシツブテ,Ishitsubute,Rock,Ground
75,Graveler,ゴローン,Gorōn,Rock,Ground
76,Golem,ゴローニャ,Gorōnya,Rock,Ground
77,Ponyta,ポニータ,Ponīta,Fire,
78,Rapidash,ギャロップ,Gyaroppu,Fire,
79,Slowpoke,ヤドン,Yadon,Water,Psychic
80,Slowbro,ヤドラン,Yadoran,Water,Psychic
81,Magnemite,コイル,Koiru,Electric,Steel
82,Magneton,レアコイル,Reakoiru,Electric,Steel
83,Farfetch'd,カモネギ,Kamonegi,Normal,Flying
84,Doduo,ドードー,Dōdō,Normal,Flying
85,Dodrio,ドードリオ,Dōdorio,Normal,Flying
86,Seel,パウワウ,Pauwau,Water,
87,Dewgong,ジュゴン,Jugon,Water,Ice
88,Grimer,ベトベター,Betobetā,Poison,
89,Muk,ベトベトン,Betobeton,Poison,
90,Shellder,シェルダー,Sherudā,Water,
91,Cloyster,パルシェン,Parushen,Water,Ice
92,Gastly,ゴース,Gōsu,Ghost,Poison
93,Haunter,ゴースト,Gōsuto,Ghost,Poison
94,Gengar,ゲンガー,Gengā,Ghost,Poison
95,Onix,イワーク,Iwāku,Rock,Ground
96,Drowzee,スリープ,Surīpu,Psychic,
97,Hypno,スリーパー,Surīpā,Psychic,
98,Krabby,クラブ,Kurabu,Water,
99,Kingler,キングラー,Kingurā,Water,
100,Voltorb,ビリリダマ,Biriridama,Electric,
101,Electrode,マルマイン,Marumain,Electric,
102,Exeggcute,タマタマ,Tamatama,Grass,Psychic
103,Exeggutor,ナッシー,Nasshī,Grass,Psychic
104,Cubone,カラカラ,Karakara,Ground,
105,Marowak,ガラガラ,Garagara,Ground,
106,Hitmonlee,サワムラー,Sawamurā,Fighting,
107,Hitmonchan,エビワラー,Ebiwarā,Fighting,
108,Lickitung,ベロリンガ,Beroringa,Normal,
109,Koffing,ドガース,Dogāsu,Poison,
110,Weezing,マタドガス,Matadogasu,Poison,
111,Rhyhorn,サイホーン,Saihōn,Ground,Rock
112,Rhydon,サイドン,Saidon,Ground,Rock
113,Chansey,ラッキー,Rakkī,Normal,
114,Tangela,モンジャラ,Monjara,Grass,
115,Kangaskhan,ガルーラ,Garūra,Normal,
116,Horsea,タッツー,Tattsū,Water,
117,Seadra,シードラ,Shīdora,Water,
118,Goldeen,トサキント,Tosakinto,Water,
119,Seaking,アズマオウ,Azumaō,Water,
120,Staryu,ヒトデマン,Hitodeman,Water,
121,Starmie,スターミー,Sutāmī,Water,Psychic
122,Mr.Mime,バリヤード,Bariyādo,Psychic,Fairy
123,Scyther,ストライク,Sutoraiku,Bug,Flying
124,Jynx,ルージュラ,Rūjura,Ice,Psychic
125,Electabuzz,エレブー,Erebū,Electric,
126,Magmar,ブーバー,Būbā,Fire,
127,Pinsir,カイロス,Kairosu,Bug,
128,Tauros,ケンタロス,Kentarosu,Normal,
129,Magikarp,コイキング,Koikingu,Water,
130,Gyarados,ギャラドス,Gyaradosu,Water,Flying
131,Lapras,ラプラス,Rapurasu,Water,Ice
132,Ditto,メタモン,Metamon,Normal,
133,Eevee,イーブイ,Ībui,Normal,
134,Vaporeon,シャワーズ,Shawāzu,Water,
135,Jolteon,サンダース,Sandāsu,Electric,
136,Flareon,ブースター,Būsutā,Fire,
137,Porygon,ポリゴン,Porigon,Normal,
138,Omanyte,オムナイト,Omunaito,Rock,Water
139,Omastar,オムスター,Omusutā,Rock,Water
140,Kabuto,カブト,Kabuto,Rock,Water
141,Kabutops,カブトプス,Kabutopusu,Rock,Water
142,Aerodactyl,プテラ,Putera,Rock,Flying
143,Snorlax,カビゴン,Kabigon,Normal,
144,Articuno,フリーザー,Furīzā,Ice,Flying
145,Zapdos,サンダー,Sandā,Electric,Flying
146,Moltres,ファイヤー,Faiyā,Fire,Flying
147,Dratini,ミニリュウ,Miniryū,Dragon,
148,Dragonair,ハクリュー,Hakuryū,Dragon,
149,Dragonite,カイリュー,Kairyū,Dragon,Flying
150,Mewtwo,ミュウツー,Myūtsū,Psychic,
151,Mew,ミュウ,Myū,Psychic,
152,Chikorita,チコリータ,Chikorīta,Grass,
153,Bayleef,ベイリーフ,Beirīfu,Grass,
154,Meganium,メガニウム,Meganiumu,Grass,
155,Cyndaquil,ヒノアラシ,Hinoarashi,Fire,
156,Quilava,マグマラシ,Magumarashi,Fire,
157,Typhlosion,バクフーン,Bakufūn,Fire,
158,Totodile,ワニノコ,Waninoko,Water,
159,Croconaw,アリゲイツ,Arigeitsu,Water,
160,Feraligatr,オーダイル,Ōdairu,Water,
161,Sentret,オタチ,Otachi,Normal,
162,Furret,オオタチ,Ōtachi,Normal,
163,Hoothoot,ホーホー,Hōhō,Normal,Flying
164,Noctowl,ヨルノズク,Yorunozuku,Normal,Flying
165,Ledyba,レディバ,Rediba,Bug,Flying
166,Ledian,レディアン,Redian,Bug,Flying
167,Spinarak,イトマル,Itomaru,Bug,Poison
168,Ariados,アリアドス,Ariadosu,Bug,Poison
169,Crobat,クロバット,Kurobatto,Poison,Flying
170,Chinchou,チョンチー,Chonchī,Water,Electric
171,Lanturn,ランターン,Rantān,Water,Electric
172,Pichu,ピチュー,Pichū,Electric,
173,Cleffa,ピィ,Pī,Fairy,
174,Igglybuff,ププリン,Pupurin,Normal,Fairy
175,Togepi,トゲピー,Togepī,Fairy,
176,Togetic,トゲチック,Togechikku,Fairy,Flying
177,Natu,ネイティ,Neiti,Psychic,Flying
178,Xatu,ネイティオ,Neitio,Psychic,Flying
179,Mareep,メリープ,Merīpu,Electric,
180,Flaaffy,モココ,Mokoko,Electric,
181,Ampharos,デンリュウ,Denryū,Electric,
182,Bellossom,キレイハナ,Kireihana,Grass,
183,Marill,マリル,Mariru,Water,Fairy
184,Azumarill,マリルリ,Mariruri,Water,Fairy
185,Sudowoodo,ウソッキー,Usokkī,Rock,
186,Politoed,ニョロトノ,Nyorotono,Water,
187,Hoppip,ハネッコ,Hanekko,Grass,Flying
188,Skiploom,ポポッコ,Popokko,Grass,Flying
189,Jumpluff,ワタッコ,Watakko,Grass,Flying
190,Aipom,エイパム,Eipamu,Normal,
191,Sunkern,ヒマナッツ,Himanattsu,Grass,
192,Sunflora,キマワリ,Kimawari,Grass,
193,Yanma,ヤンヤンマ,Yan'yanma,Bug,Flying
194,Wooper,ウパー,Upā,Water,Ground
195,Quagsire,ヌオー,Nuō,Water,Ground
196,Espeon,エーフィ,Ēfi,Psychic,
197,Umbreon,ブラッキー,Burakkī,Dark,
198,Murkrow,ヤミカラス,Yamikarasu,Dark,Flying
199,Slowking,ヤドキング,Yadokingu,Water,Psychic
200,Misdreavus,ムウマ,Mūma,Ghost,
201,Unown,アンノーン,Annōn,Psychic,
202,Wobbuffet,ソーナンス,Sōnansu,Psychic,
203,Girafarig,キリンリキ,Kirinriki,Normal,Psychic
204,Pineco,クヌギダマ,Kunugidama,Bug,
205,Forretress,フォレトス,Foretosu,Bug,Steel
206,Dunsparce,ノコッチ,Nokotchi,Normal,
207,Gligar,グライガー,Guraigā,Ground,Flying
208,Steelix,ハガネール,Haganēru,Steel,Ground
209,Snubbull,ブルー,Burū,Fairy,
210,Granbull,グランブル,Guranburu,Fairy,
211,Qwilfish,ハリーセン,Harīsen,Water,Poison
212,Scizor,ハッサム,Hassamu,Bug,Steel
213,Shuckle,ツボツボ,Tsubotsubo,Bug,Rock
214,Heracross,ヘラクロス,Herakurosu,Bug,Fighting
215,Sneasel,ニューラ,Nyūra,Dark,Ice
216,Teddiursa,ヒメグマ,Himeguma,Normal,
217,Ursaring,リングマ,Ringuma,Normal,
218,Slugma,マグマッグ,Magumaggu,Fire,
219,Magcargo,マグカルゴ,Magukarugo,Fire,Rock
220,Swinub,ウリムー,Urimū,Ice,Ground
221,Piloswine,イノムー,Inomū,Ice,Ground
222,Corsola,サニーゴ,Sanīgo,Water,Rock
223,Remoraid,テッポウオ,Teppouo,Water,
224,Octillery,オクタン,Okutan,Water,
225,Delibird,デリバード,Deribādo,Ice,Flying
226,Mantine,マンタイン,Mantain,Water,Flying
227,Skarmory,エアームド,Eāmudo,Steel,Flying
228,Houndour,デルビル,Derubiru,Dark,Fire
229,Houndoom,ヘルガー,Herugā,Dark,Fire
230,Kingdra,キングドラ,Kingudora,Water,Dragon
231,Phanpy,ゴマゾウ,Gomazō,Ground,
232,Donphan,ドンファン,Donfan,Ground,
233,Porygon2,ポリゴン２,PorigonTsū,Normal,
234,Stantler,オドシシ,Odoshishi,Normal,
235,Smeargle,ドーブル,Dōburu,Normal,
236,Tyrogue,バルキー,Barukī,Fighting,
237,Hitmontop,カポエラー,Kapoerā,Fighting,
238,Smoochum,ムチュール,Muchūru,Ice,Psychic
239,Elekid,エレキッド,Erekiddo,Electric,
240,Magby,ブビィ,Bubī,Fire,
241,Miltank,ミルタンク,Mirutanku,Normal,
242,Blissey,ハピナス,Hapinasu,Normal,
243,Raikou,ライコウ,Raikō,Electric,
244,Entei,エンテイ,Entei,Fire,
245,Suicune,スイクン,Suikun,Water,
246,Larvitar,ヨーギラス,Yōgirasu,Rock,Ground
247,Pupitar,サナギラス,Sanagirasu,Rock,Ground
248,Tyranitar,バンギラス,Bangirasu,Rock,Dark
249,Lugia,ルギア,Rugia,Psychic,Flying
250,Ho-Oh,ホウオウ,Hōō,Fire,Flying
251,Celebi,セレビィ,Serebī,Psychic,Grass
252,Treecko,キモリ,Kimori,Grass,
253,Grovyle,ジュプトル,Juputoru,Grass,
254,Sceptile,ジュカイン,Jukain,Grass,
255,Torchic,アチャモ,Achamo,Fire,
256,Combusken,ワカシャモ,Wakashamo,Fire,Fighting
257,Blaziken,バシャーモ,Bashāmo,Fire,Fighting
258,Mudkip,ミズゴロウ,Mizugorō,Water,
259,Marshtomp,ヌマクロー,Numakurō,Water,Ground
260,Swampert,ラグラージ,Ragurāji,Water,Ground
261,Poochyena,ポチエナ,Pochiena,Dark,
262,Mightyena,グラエナ,Guraena,Dark,
263,Zigzagoon,ジグザグマ,Jiguzaguma,Normal,
264,Linoone,マッスグマ,Massuguma,Normal,
265,Wurmple,ケムッソ,Kemusso,Bug,
266,Silcoon,カラサリス,Karasarisu,Bug,
267,Beautifly,アゲハント,Agehanto,Bug,Flying
268,Cascoon,マユルド,Mayurudo,Bug,
269,Dustox,ドクケイル,Dokukeiru,Bug,Poison
270,Lotad,ハスボー,Hasubō,Water,Grass
271,Lombre,ハスブレロ,Hasuburero,Water,Grass
272,Ludicolo,ルンパッパ,Runpappa,Water,Grass
273,Seedot,タネボー,Tanebō,Grass,
274,Nuzleaf,コノハナ,Konohana,Grass,Dark
275,Shiftry,ダーテング,Dātengu,Grass,Dark
276,Taillow,スバメ,Subame,Normal,Flying
277,Swellow,オオスバメ,Ōsubame,Normal,Flying
278,Wingull,キャモメ,Kyamome,Water,Flying
279,Pelipper,ペリッパー,Perippā,Water,Flying
280,Ralts,ラルトス,Rarutosu,Psychic,Fairy
281,Kirlia,キルリア,Kiruria,Psychic,Fairy
282,Gardevoir,サーナイト,Sānaito,Psychic,Fairy
283,Surskit,アメタマ,Ametama,Bug,Water
284,Masquerain,アメモース,Amemōsu,Bug,Flying
285,Shroomish,キノココ,Kinokoko,Grass,
286,Breloom,キノガッサ,Kinogassa,Grass,Fighting
287,Slakoth,ナマケロ,Namakero,Normal,
288,Vigoroth,ヤルキモノ,Yarukimono,Normal,
289,Slaking,ケッキング,Kekkingu,Normal,
290,Nincada,ツチニン,Tsuchinin,Bug,Ground
291,Ninjask,テッカニン,Tekkanin,Bug,Flying
292,Shedinja,ヌケニン,Nukenin,Bug,Ghost
293,Whismur,ゴニョニョ,Gonyonyo,Normal,
294,Loudred,ドゴーム,Dogōmu,Normal,
295,Exploud,バクオング,Bakuongu,Normal,
296,Makuhita,マクノシタ,Makunoshita,Fighting,
297,Hariyama,ハリテヤマ,Hariteyama,Fighting,
298,Azurill,ルリリ,Ruriri,Normal,Fairy
299,Nosepass,ノズパス,Nozupasu,Rock,
300,Skitty,エネコ,Eneko,Normal,
301,Delcatty,エネコロロ,Enekororo,Normal,
302,Sableye,ヤミラミ,Yamirami,Dark,Ghost
303,Mawile,クチート,Kuchīto,Steel,Fairy
304,Aron,ココドラ,Kokodora,Steel,Rock
305,Lairon,コドラ,Kodora,Steel,Rock
306,Aggron,ボスゴドラ,Bosugodora,Steel,Rock
307,Meditite,アサナン,Asanan,Fighting,Psychic
308,Medicham,チャーレム,Chāremu,Fighting,Psychic
309,Electrike,ラクライ,Rakurai,Electric,
310,Manectric,ライボルト,Raiboruto,Electric,
311,Plusle,プラスル,Purasuru,Electric,
312,Minun,マイナン,Mainan,Electric,
313,Volbeat,バルビート,Barubīto,Bug,
314,Illumise,イルミーゼ,Irumīze,Bug,
315,Roselia,ロゼリア,Rozeria,Grass,Poison
316,Gulpin,ゴクリン,Gokurin,Poison,
317,Swalot,マルノーム,Marunōmu,Poison,
318,Carvanha,キバニア,Kibania,Water,Dark
319,Sharpedo,サメハダー,Samehadā,Water,Dark
320,Wailmer,ホエルコ,Hoeruko,Water,
321,Wailord,ホエルオー,Hoeruō,Water,
322,Numel,ドンメル,Donmeru,Fire,Ground
323,Camerupt,バクーダ,Bakūda,Fire,Ground
324,Torkoal,コータス,Kōtasu,Fire,
325,Spoink,バネブー,Banebū,Psychic,
326,Grumpig,ブーピッグ,Būpiggu,Psychic,
327,Spinda,パッチール,Patchīru,Normal,
328,Trapinch,ナックラー,Nakkurā,Ground,
329,Vibrava,ビブラーバ,Biburāba,Ground,Dragon
330,Flygon,フライゴン,Furaigon,Ground,Dragon
331,Cacnea,サボネア,Sabonea,Grass,
332,Cacturne,ノクタス,Nokutasu,Grass,Dark
333,Swablu,チルット,Chirutto,Normal,Flying
334,Altaria,チルタリス,Chirutarisu,Dragon,Flying
335,Zangoose,ザングース,Zangūsu,Normal,
336,Seviper,ハブネーク,Habunēku,Poison,
337,Lunatone,ルナトーン,Runatōn,Rock,Psychic
338,Solrock,ソルロック,Sorurokku,Rock,Psychic
339,Barboach,ドジョッチ,Dojotchi,Water,Ground
340,Whiscash,ナマズン,Namazun,Water,Ground
341,Corphish,ヘイガニ,Heigani,Water,
342,Crawdaunt,シザリガー,Shizarigā,Water,Dark
343,Baltoy,ヤジロン,Yajiron,Ground,Psychic
344,Claydol,ネンドール,Nendōru,Ground,Psychic
345,Lileep,リリーラ,Rirīra,Rock,Grass
346,Cradily,ユレイドル,Yureidoru,Rock,Grass
347,Anorith,アノプス,Anopusu,Rock,Bug
348,Armaldo,アーマルド,Āmarudo,Rock,Bug
349,Feebas,ヒンバス,Hinbasu,Water,
350,Milotic,ミロカロス,Mirokarosu,Water,
351,Castform,ポワルン,Powarun,Normal,
352,Kecleon,カクレオン,Kakureon,Normal,
353,Shuppet,カゲボウズ,Kagebōzu,Ghost,
354,Banette,ジュペッタ,Jupetta,Ghost,
355,Duskull,ヨマワル,Yomawaru,Ghost,
356,Dusclops,サマヨール,Samayōru,Ghost,
357,Tropius,トロピウス,Toropiusu,Grass,Flying
358,Chimecho,チリーン,Chirīn,Psychic,
359,Absol,アブソル,Abusoru,Dark,
360,Wynaut,ソーナノ,Sōnano,Psychic,
361,Snorunt,ユキワラシ,Yukiwarashi,Ice,
362,Glalie,オニゴーリ,Onigōri,Ice,
363,Spheal,タマザラシ,Tamazarashi,Ice,Water
364,Sealeo,トドグラー,Todogurā,Ice,Water
365,Walrein,トドゼルガ,Todozeruga,Ice,Water
366,Clamperl,パールル,Pāruru,Water,
367,Huntail,ハンテール,Hantēru,Water,
368,Gorebyss,サクラビス,Sakurabisu,Water,
369,Relicanth,ジーランス,Jīransu,Water,Rock
370,Luvdisc,ラブカス,Rabukasu,Water,
371,Bagon,タツベイ,Tatsubei,Dragon,
372,Shelgon,コモルー,Komorū,Dragon,
373,Salamence,ボーマンダ,Bōmanda,Dragon,Flying
374,Beldum,ダンバル,Danbaru,Steel,Psychic
375,Metang,メタング,Metangu,Steel,Psychic
376,Metagross,メタグロス,Metagurosu,Steel,Psychic
377,Regirock,レジロック,Rejirokku,Rock,
378,Regice,レジアイス,Rejiaisu,Ice,
379,Registeel,レジスチル,Rejisuchiru,Steel,
380,Latias,ラティアス,Ratiasu,Dragon,Psychic
381,Latios,ラティオス,Ratiosu,Dragon,Psychic
382,Kyogre,カイオーガ,Kaiōga,Water,
383,Groudon,グラードン,Gurādon,Ground,
384,Rayquaza,レックウザ,Rekkūza,Dragon,Flying
385,Jirachi,ジラーチ,Jirāchi,Steel,Psychic
386,Deoxys,デオキシス,Deokishisu,Psychic,
387,Turtwig,ナエトル,Naetoru,Grass,
388,Grotle,ハヤシガメ,Hayashigame,Grass,
389,Torterra,ドダイトス,Dodaitosu,Grass,Ground
390,Chimchar,ヒコザル,Hikozaru,Fire,
391,Monferno,モウカザル,Mōkazaru,Fire,Fighting
392,Infernape,ゴウカザル,Gōkazaru,Fire,Fighting
393,Piplup,ポッチャマ,Potchama,Water,
394,Prinplup,ポッタイシ,Pottaishi,Water,
395,Empoleon,エンペルト,Enperuto,Water,Steel
396,Starly,ムックル,Mukkuru,Normal,Flying
397,Staravia,ムクバード,Mukubādo,Normal,Flying
398,Staraptor,ムクホーク,Mukuhōku,Normal,Flying
399,Bidoof,ビッパ,Bippa,Normal,
400,Bibarel,ビーダル,Bīdaru,Normal,Water
401,Kricketot,コロボーシ,Korobōshi,Bug,
402,Kricketune,コロトック,Korotokku,Bug,
403,Shinx,コリンク,Korinku,Electric,
404,Luxio,ルクシオ,Rukushio,Electric,
405,Luxray,レントラー,Rentorā,Electric,
406,Budew,スボミー,Subomī,Grass,Poison
407,Roserade,ロズレイド,Rozureido,Grass,Poison
408,Cranidos,ズガイドス,Zugaidosu,Rock,
409,Rampardos,ラムパルド,Ramuparudo,Rock,
410,Shieldon,タテトプス,Tatetopusu,Rock,Steel
411,Bastiodon,トリデプス,Toridepusu,Rock,Steel
412,Burmy,ミノムッチ,Minomutchi,Bug,
413,Wormadam,ミノマダム,Minomadamu,Bug,Grass
414,Mothim,ガーメイル,Gāmeiru,Bug,Flying
415,Combee,ミツハニー,Mitsuhanī,Bug,Flying
416,Vespiquen,ビークイン,Bīkuin,Bug,Flying
417,Pachirisu,パチリス,Pachirisu,Electric,
418,Buizel,ブイゼル,Buizeru,Water,
419,Floatzel,フローゼル,Furōzeru,Water,
420,Cherubi,チェリンボ,Cherinbo,Grass,
421,Cherrim,チェリム,Cherimu,Grass,
422,Shellos,カラナクシ,Karanakushi,Water,
423,Gastrodon,トリトドン,Toritodon,Water,Ground
424,Ambipom,エテボース,Etebōsu,Normal,
425,Drifloon,フワンテ,Fuwante,Ghost,Flying
426,Drifblim,フワライド,Fuwaraido,Ghost,Flying
427,Buneary,ミミロル,Mimiroru,Normal,
428,Lopunny,ミミロップ,Mimiroppu,Normal,
429,Mismagius,ムウマージ,Mūmāji,Ghost,
430,Honchkrow,ドンカラス,Donkarasu,Dark,Flying
431,Glameow,ニャルマー,Nyarumā,Normal,
432,Purugly,ブニャット,Bunyatto,Normal,
433,Chingling,リーシャン,Rīshan,Psychic,
434,Stunky,スカンプー,Sukanpū,Poison,Dark
435,Skuntank,スカタンク,Sukatanku,Poison,Dark
436,Bronzor,ドーミラー,Dōmirā,Steel,Psychic
437,Bronzong,ドータクン,Dōtakun,Steel,Psychic
438,Bonsly,ウソハチ,Usohachi,Rock,
439,MimeJr.,マネネ,Manene,Psychic,Fairy
440,Happiny,ピンプク,Pinpuku,Normal,
441,Chatot,ペラップ,Perappu,Normal,Flying
442,Spiritomb,ミカルゲ,Mikaruge,Ghost,Dark
443,Gible,フカマル,Fukamaru,Dragon,Ground
444,Gabite,ガバイト,Gabaito,Dragon,Ground
445,Garchomp,ガブリアス,Gaburiasu,Dragon,Ground
446,Munchlax,ゴンベ,Gonbe,Normal,
447,Riolu,リオル,Rioru,Fighting,
448,Lucario,ルカリオ,Rukario,Fighting,Steel
449,Hippopotas,ヒポポタス,Hipopotasu,Ground,
450,Hippowdon,カバルドン,Kabarudon,Ground,
451,Skorupi,スコルピ,Sukorupi,Poison,Bug
452,Drapion,ドラピオン,Dorapion,Poison,Dark
453,Croagunk,グレッグル,Guregguru,Poison,Fighting
454,Toxicroak,ドクロッグ,Dokuroggu,Poison,Fighting
455,Carnivine,マスキッパ,Masukippa,Grass,
456,Finneon,ケイコウオ,Keiko'uo,Water,
457,Lumineon,ネオラント,Neoranto,Water,
458,Mantyke,タマンタ,Tamanta,Water,Flying
459,Snover,ユキカブリ,Yukikaburi,Grass,Ice
460,Abomasnow,ユキノオー,Yukinoō,Grass,Ice
461,Weavile,マニューラ,Manyūra,Dark,Ice
462,Magnezone,ジバコイル,Jibakoiru,Electric,Steel
463,Lickilicky,ベロベルト,Beroberuto,Normal,
464,Rhyperior,ドサイドン,Dosaidon,Ground,Rock
465,Tangrowth,モジャンボ,Mojanbo,Grass,
466,Electivire,エレキブル,Erekiburu,Electric,
467,Magmortar,ブーバーン,Būbān,Fire,
468,Togekiss,トゲキッス,Togekissu,Fairy,Flying
469,Yanmega,メガヤンマ,Megayanma,Bug,Flying
470,Leafeon,リーフィア,Rīfia,Grass,
471,Glaceon,グレイシア,Gureishia,Ice,
472,Gliscor,グライオン,Guraion,Ground,Flying
473,Mamoswine,マンムー,Manmū,Ice,Ground
474,Porygon-Z,ポリゴンＺ,PorigonZetto,Normal,
475,Gallade,エルレイド,Erureido,Psychic,Fighting
476,Probopass,ダイノーズ,Dainōzu,Rock,Steel
477,Dusknoir,ヨノワール,Yonowāru,Ghost,
478,Froslass,ユキメノコ,Yukimenoko,Ice,Ghost
479,Rotom,ロトム,Rotomu,Electric,Ghost
480,Uxie,ユクシー,Yukushī,Psychic,
481,Mesprit,エムリット,Emuritto,Psychic,
482,Azelf,アグノム,Agunomu,Psychic,
483,Dialga,ディアルガ,Diaruga,Steel,Dragon
484,Palkia,パルキア,Parukia,Water,Dragon
485,Heatran,ヒードラン,Hīdoran,Fire,Steel
486,Regigigas,レジギガス,Rejigigasu,Normal,
487,Giratina,ギラティナ,Giratina,Ghost,Dragon
488,Cresselia,クレセリア,Kureseria,Psychic,
489,Phione,フィオネ,Fione,Water,
490,Manaphy,マナフィ,Manafi,Water,
491,Darkrai,ダークライ,Dākurai,Dark,
492,Shaymin,シェイミ,Sheimi,Grass,
493,Arceus,アルセウス,Aruseusu,Normal,
494,Victini,ビクティニ,Bikutini,Psychic,Fire
495,Snivy,ツタージャ,Tsutāja,Grass,
496,Servine,ジャノビー,Janobī,Grass,
497,Serperior,ジャローダ,Jarōda,Grass,
498,Tepig,ポカブ,Pokabu,Fire,
499,Pignite,チャオブー,Chaobū,Fire,Fighting
500,Emboar,エンブオー,Enbuō,Water,
501,Oshawott,ミジュマル,Mijumaru,Water,
502,Dewott,フタチマル,Futachimaru,Water,
503,Samurott,ダイケンキ,Daikenki,Normal,
504,Patrat,ミネズミ,Minezumi,Normal,
505,Watchog,ミルホッグ,Miruhoggu,Normal,
506,Lillipup,ヨーテリー,Yōterī,Normal,
507,Herdier,ハーデリア,Hāderia,Normal,
508,Stoutland,ムーランド,Mūrando,Dark,
509,Purrloin,チョロネコ,Choroneko,Dark,
510,Liepard,レパルダス,Reparudasu,Grass,
511,Pansage,ヤナップ,Yanappu,Grass,
512,Simisage,ヤナッキー,Yanakkī,Fire,
513,Pansear,バオップ,Baoppu,Fire,
514,Simisear,バオッキー,Baokkī,Water,
515,Panpour,ヒヤップ,Hiyappu,Water,
516,Simipour,ヒヤッキー,Hiyakkī,Psychic,
517,Munna,ムンナ,Munna,Psychic,
518,Musharna,ムシャーナ,Mushāna,Normal,Flying
519,Pidove,マメパト,Mamepato,Normal,Flying
520,Tranquill,ハトーボー,Hatōbō,Normal,Flying
521,Unfezant,ケンホロウ,Kenhorō,Electric,
522,Blitzle,シママ,Shimama,Electric,
523,Zebstrika,ゼブライカ,Zeburaika,Rock,
524,Roggenrola,ダンゴロ,Dangoro,Rock,
525,Boldore,ガントル,Gantoru,Rock,
526,Gigalith,ギガイアス,Gigaiasu,Psychic,Flying
527,Woobat,コロモリ,Koromori,Psychic,Flying
528,Swoobat,ココロモリ,Kokoromori,Ground,
529,Drilbur,モグリュー,Moguryū,Ground,Steel
530,Excadrill,ドリュウズ,Doryūzu,Normal,
531,Audino,タブンネ,Tabunne,Fighting,
532,Timburr,ドッコラー,Dokkorā,Fighting,
533,Gurdurr,ドテッコツ,Dotekkotsu,Fighting,
534,Conkeldurr,ローブシン,Rōbushin,Water,
535,Tympole,オタマロ,Otamaro,Water,Ground
536,Palpitoad,ガマガル,Gamagaru,Water,Ground
537,Seismitoad,ガマゲロゲ,Gamageroge,Fighting,
538,Throh,ナゲキ,Nageki,Fighting,
539,Sawk,ダゲキ,Dageki,Bug,Grass
540,Sewaddle,クルミル,Kurumiru,Bug,Grass
541,Swadloon,クルマユ,Kurumayu,Bug,Grass
542,Leavanny,ハハコモリ,Hahakomori,Bug,Poison
543,Venipede,フシデ,Fushide,Bug,Poison
544,Whirlipede,ホイーガ,Hoīga,Grass,Fairy
545,Scolipede,ペンドラー,Pendorā,Grass,Fairy
546,Cottonee,モンメン,Monmen,Grass,
547,Whimsicott,エルフーン,Erufūn,Grass,
548,Petilil,チュリネ,Churine,Water,
549,Lilligant,ドレディア,Doredia,Water,
550,Basculin,バスラオ,Basurao,Ground,Dark
551,Sandile,メグロコ,Meguroko,Ground,Dark
552,Krokorok,ワルビル,Warubiru,Ground,Dark
553,Krookodile,ワルビアル,Warubiaru,Fire,
554,Darumaka,ダルマッカ,Darumakka,Fire,
555,Darmanitan,ヒヒダルマ,Hihidaruma,Fire,Psychic
556,Maractus,マラカッチ,Marakatchi,Grass,
557,Dwebble,イシズマイ,Ishizumai,Bug,Rock
558,Crustle,イワパレス,Iwaparesu,Bug,Rock
559,Scraggy,ズルッグ,Zuruggu,Dark,Fighting
560,Scrafty,ズルズキン,Zuruzukin,Dark,Fighting
561,Sigilyph,シンボラー,Shinborā,Psychic,Flying
562,Yamask,デスマス,Desumasu,Ghost,
563,Cofagrigus,デスカーン,Desukān,Ghost,
564,Tirtouga,プロトーガ,Purotōga,Water,Rock
565,Carracosta,アバゴーラ,Abagōra,Water,Rock
566,Archen,アーケン,Āken,Rock,Flying
567,Archeops,アーケオス,Ākeosu,Rock,Flying
568,Trubbish,ヤブクロン,Yabukuron,Poison,
569,Garbodor,ダストダス,Dasutodasu,Poison,
570,Zorua,ゾロア,Zoroa,Dark,
571,Zoroark,ゾロアーク,Zoroāku,Dark,
572,Minccino,チラーミィ,Chirāmī,Normal,
573,Cinccino,チラチーノ,Chirachīno,Normal,
574,Gothita,ゴチム,Gochimu,Psychic,
575,Gothorita,ゴチミル,Gochimiru,Psychic,
576,Gothitelle,ゴチルゼル,Gochiruzeru,Psychic,
577,Solosis,ユニラン,Yuniran,Psychic,
578,Duosion,ダブラン,Daburan,Psychic,
579,Reuniclus,ランクルス,Rankurusu,Psychic,
580,Ducklett,コアルヒー,Koaruhī,Water,Flying
581,Swanna,スワンナ,Suwanna,Water,Flying
582,Vanillite,バニプッチ,Baniputchi,Ice,
583,Vanillish,バニリッチ,Baniritchi,Ice,
584,Vanilluxe,バイバニラ,Baibanira,Ice,
585,Deerling,シキジカ,Shikijika,Normal,Grass
586,Sawsbuck,メブキジカ,Mebukijika,Normal,Grass
587,Emolga,エモンガ,Emonga,Electric,Flying
588,Karrablast,カブルモ,Kaburumo,Bug,
589,Escavalier,シュバルゴ,Shubarugo,Bug,Steel
590,Foongus,タマゲタケ,Tamagetake,Grass,Poison
591,Amoonguss,モロバレル,Morobareru,Grass,Poison
592,Frillish,プルリル,Pururiru,Water,Ghost
593,Jellicent,ブルンゲル,Burungeru,Water,Ghost
594,Alomomola,ママンボウ,Mamanbō,Water,
595,Joltik,バチュル,Bachuru,Bug,Electric
596,Galvantula,デンチュラ,Denchura,Bug,Electric
597,Ferroseed,テッシード,Tesshīdo,Grass,Steel
598,Ferrothorn,ナットレイ,Nattorei,Grass,Steel
599,Klink,ギアル,Giaru,Steel,
600,Klang,ギギアル,Gigiaru,Steel,
601,Klinklang,ギギギアル,Gigigiaru,Steel,
602,Tynamo,シビシラス,Shibishirasu,Electric,
603,Eelektrik,シビビール,Shibibīru,Electric,
604,Eelektross,シビルドン,Shibirudon,Electric,
605,Elgyem,リグレー,Rigurē,Psychic,
606,Beheeyem,オーベム,Ōbemu,Psychic,
607,Litwick,ヒトモシ,Hitomoshi,Ghost,Fire
608,Lampent,ランプラー,Ranpurā,Ghost,Fire
609,Chandelure,シャンデラ,Shandera,Ghost,Fire
610,Axew,キバゴ,Kibago,Dragon,
611,Fraxure,オノンド,Onondo,Dragon,
612,Haxorus,オノノクス,Ononokusu,Dragon,
613,Cubchoo,クマシュン,Kumashun,Ice,
614,Beartic,ツンベアー,Tsunbeā,Ice,
615,Cryogonal,フリージオ,Furījio,Ice,
616,Shelmet,チョボマキ,Chobomaki,Bug,
617,Accelgor,アギルダー,Agirudā,Bug,
618,Stunfisk,マッギョ,Maggyo,Ground,Electric
619,Mienfoo,コジョフー,Kojofū,Fighting,
620,Mienshao,コジョンド,Kojondo,Fighting,
621,Druddigon,クリムガン,Kurimugan,Dragon,
622,Golett,ゴビット,Gobitto,Ground,Ghost
623,Golurk,ゴルーグ,Gorūgu,Ground,Ghost
624,Pawniard,コマタナ,Komatana,Dark,Steel
625,Bisharp,キリキザン,Kirikizan,Dark,Steel
626,Bouffalant,バッフロン,Baffuron,Normal,
627,Rufflet,ワシボン,Washibon,Normal,Flying
628,Braviary,ウォーグル,Wōguru,Normal,Flying
629,Vullaby,バルチャイ,Baruchai,Dark,Flying
630,Mandibuzz,バルジーナ,Barujīna,Dark,Flying
631,Heatmor,クイタラン,Kuitaran,Fire,
632,Durant,アイアント,Aianto,Bug,Steel
633,Deino,モノズ,Monozu,Dark,Dragon
634,Zweilous,ジヘッド,Jiheddo,Dark,Dragon
635,Hydreigon,サザンドラ,Sazandora,Dark,Dragon
636,Larvesta,メラルバ,Meraruba,Bug,Fire
637,Volcarona,ウルガモス,Urugamosu,Bug,Fire
638,Cobalion,コバルオン,Kobaruon,Steel,Fighting
639,Terrakion,テラキオン,Terakion,Rock,Fighting
640,Virizion,ビリジオン,Birijion,Grass,Fighting
641,Tornadus,トルネロス,Torunerosu,Flying,
642,Thundurus,ボルトロス,Borutorosu,Electric,Flying
643,Reshiram,レシラム,Reshiramu,Dragon,Fire
644,Zekrom,ゼクロム,Zekuromu,Dragon,Electric
645,Landorus,ランドロス,Randorosu,Ground,Flying
646,Kyurem,キュレム,Kyuremu,Dragon,Ice
647,Keldeo,ケルディオ,Kerudio,Water,Fighting
648,Meloetta,メロエッタ,Meroetta,Normal,Psychic
649,Genesect,ゲノセクト,Genosekuto,Bug,Steel
650,Chespin,ハリマロン,Harimaron,Grass,
651,Quilladin,ハリボーグ,Haribōgu,Grass,
652,Chesnaught,ブリガロン,Burigaron,Grass,Fighting
653,Fennekin,フォッコ,Fokko,Fire,
654,Braixen,テールナー,Tērunā,Fire,
655,Delphox,マフォクシー,Mafokushī,Fire,Psychic
656,Froakie,ケロマツ,Keromatsu,Water,
657,Frogadier,ゲコガシラ,Gekogashira,Water,
658,Greninja,ゲッコウガ,Gekkōga,Water,Dark
659,Bunnelby,ホルビー,Horubī,Normal,
660,Diggersby,ホルード,Horūdo,Normal,Ground
661,Fletchling,ヤヤコマ,Yayakoma,Normal,Flying
662,Fletchinder,ヒノヤコマ,Hinoyakoma,Fire,Flying
663,Talonflame,ファイアロー,Faiarō,Fire,Flying
664,Scatterbug,コフキムシ,Kofukimushi,Bug,
665,Spewpa,コフーライ,Kofūrai,Bug,
666,Vivillon,ビビヨン,Bibiyon,Bug,Flying
667,Litleo,シシコ,Shishiko,Fire,Normal
668,Pyroar,カエンジシ,Kaenjishi,Fire,Normal
669,Flabébé,フラベベ,Furabebe,Fairy,
670,Floette,フラエッテ,Furaette,Fairy,
671,Florges,フラージェス,Furājesu,Fairy,
672,Skiddo,メェークル,Mēkuru,Grass,
673,Gogoat,ゴーゴート,Gōgōto,Grass,
674,Pancham,ヤンチャム,Yanchamu,Fighting,
675,Pangoro,ゴロンダ,Goronda,Fighting,Dark
676,Furfrou,トリミアン,Torimian,Normal,
677,Espurr,ニャスパー,Nyasupā,Psychic,
678,Meowstic,ニャオニクス,Nyaonikusu,Psychic,
679,Honedge,ヒトツキ,Hitotsuki,Steel,Ghost
680,Doublade,ニダンギル,Nidangiru,Steel,Ghost
681,Aegislash,ギルガルド,Girugarudo,Steel,Ghost
682,Spritzee,シュシュプ,Shushupu,Fairy,
683,Aromatisse,フレフワン,Furefuwan,Fairy,
684,Swirlix,ペロッパフ,Peroppafu,Fairy,
685,Slurpuff,ペロリーム,Perorīmu,Fairy,
686,Inkay,マーイーカ,Māīka,Dark,Psychic
687,Malamar,カラマネロ,Karamanero,Dark,Psychic
688,Binacle,カメテテ,Kametete,Rock,Water
689,Barbaracle,ガメノデス,Gamenodesu,Rock,Water
690,Skrelp,クズモー,Kuzumō,Poison,Water
691,Dragalge,ドラミドロ,Doramidoro,Poison,Dragon
692,Clauncher,ウデッポウ,Udeppō,Water,
693,Clawitzer,ブロスター,Burosutā,Water,
694,Helioptile,エリキテル,Erikiteru,Electric,Normal
695,Heliolisk,エレザード,Erezādo,Electric,Normal
696,Tyrunt,チゴラス,Chigorasu,Rock,Dragon
697,Tyrantrum,ガチゴラス,Gachigorasu,Rock,Dragon
698,Amaura,アマルス,Amarusu,Rock,Ice
699,Aurorus,アマルルガ,Amaruruga,Rock,Ice
700,Sylveon,ニンフィア,Ninfia,Fairy,
701,Hawlucha,ルチャブル,Ruchaburu,Fighting,Flying
702,Dedenne,デデンネ,Dedenne,Electric,Fairy
703,Carbink,メレシー,Mereshī,Rock,Fairy
704,Goomy,ヌメラ,Numera,Dragon,
705,Sliggoo,ヌメイル,Numeiru,Dragon,
706,Goodra,ヌメルゴン,Numerugon,Dragon,
707,Klefki,クレッフィ,Kureffi,Steel,Fairy
708,Phantump,ボクレー,Bokurē,Ghost,Grass
709,Trevenant,オーロット,Ōrotto,Ghost,Grass
710,Pumpkaboo,バケッチャ,Baketcha,Ghost,Grass
711,Gourgeist,パンプジン,Panpujin,Ghost,Grass
712,Bergmite,カチコール,Kachikōru,Ice,
713,Avalugg,クレベース,Kurebēsu,Ice,
714,Noibat,オンバット,Onbatto,Flying,Dragon
715,Noivern,オンバーン,Onbān,Flying,Dragon
716,Xerneas,ゼルネアス,Zeruneasu,Fairy,
717,Yveltal,イベルタル,Iberutaru,Dark,Flying
718,Zygarde,ジガルデ,Jigarude,Dragon,Ground
719,Diancie,ディアンシー,Dianshī,Rock,Fairy
720,Hoopa,フーパ,Fūpa,Psychic,Ghost
721,Volcanion,ボルケニオン,Borukenion,Fire,Water
722,Rowlet,モクロー,Mokurō,Grass,Flying
723,Dartrix,フクスロー,Fukusurō,Grass,Flying
724,Decidueye,ジュナイパー,Junaipā,Grass,Ghost
725,Litten,ニャビー,Nyabī,Fire,
726,Torracat,ニャヒート,Nyahīto,Fire,
727,Incineroar,ガオガエン,Gaogaen,Fire,Dark
728,Popplio,アシマリ,Ashimari,Water,
729,Brionne,オシャマリ,Oshamari,Water,
730,Primarina,アシレーヌ,Ashirēnu,Water,Fairy
731,Pikipek,ツツケラ,Tsutsukera,Normal,Flying
732,Trumbeak,ケララッパ,Kerarappa,Normal,Flying
733,Toucannon,ドデカバシ,Dodekabashi,Normal,Flying
734,Yungoos,ヤングース,Yangūsu,Normal,
735,Gumshoos,デカグース,Dekagūsu,Normal,
736,Grubbin,アゴジムシ,Agojimushi,Bug,
737,Charjabug,デンヂムシ,Denjimushi,Bug,Electric
738,Vikavolt,クワガノン,Kuwaganon,Bug,Electric
739,Crabrawler,マケンカニ,Makenkani,Fighting,
740,Crabominable,ケケンカニ,Kekenkani,Fighting,Ice
741,Oricorio,オドリドリ,Odoridori,Fire,Flying
742,Cutiefly,アブリー,Aburī,Bug,Fairy
743,Ribombee,アブリボン,Aburibon,Bug,Fairy
744,Rockruff,イワンコ,Iwanko,Rock,
745,Lycanroc,ルガルガン,Rugarugan,Rock,
746,Wishiwashi,ヨワシ,Yowashi,Water,
747,Mareanie,ヒドイデ,Hidoide,Poison,Water
748,Toxapex,ドヒドイデ,Dohidoide,Poison,Water
749,Mudbray,ドロバンコ,Dorobanko,Ground,
750,Mudsdale,バンバドロ,Banbadoro,Ground,
751,Dewpider,シズクモ,Shizukumo,Water,Bug
752,Araquanid,オニシズクモ,Onishizukumo,Water,Bug
753,Fomantis,カリキリ,Karikiri,Grass,
754,Lurantis,ラランテス,Rarantesu,Grass,
755,Morelull,ネマシュ,Nemashu,Grass,Fairy
756,Shiinotic,マシェード,Mashēdo,Grass,Fairy
757,Salandit,ヤトウモリ,Yatōmori,Poison,Fire
758,Salazzle,エンニュート,Ennyūto,Poison,Fire
759,Stufful,ヌイコグマ,Nuikoguma,Normal,Fighting
760,Bewear,キテルグマ,Kiteruguma,Normal,Fighting
761,Bounsweet,アマカジ,Amakaji,Grass,
762,Steenee,アママイコ,Amamaiko,Grass,
763,Tsareena,アマージョ,Amājo,Grass,
764,Comfey,キュワワー,Kyuwawā,Fairy,
765,Oranguru,ヤレユータン,Yareyūtan,Normal,Psychic
766,Passimian,ナゲツケサル,Nagetsukesaru,Fighting,
767,Wimpod,コソクムシ,Kosokumushi,Bug,Water
768,Golisopod,グソクムシャ,Gusokumusha,Bug,Water
769,Sandygast,スナバァ,Sunabā,Ghost,Ground
770,Palossand,シロデスナ,Shirodesuna,Ghost,Ground
771,Pyukumuku,ナマコブシ,Namakobushi,Water,
772,Type:Null,タイプ：ヌル,Taipu:Nuru,Normal,
773,Silvally,シルヴァディ,Shiruvadi,Normal,
774,Minior,メテノ,Meteno,Rock,Flying
775,Komala,ネッコアラ,Nekkoara,Normal,
776,Turtonator,バクガメス,Bakugamesu,Fire,Dragon
777,Togedemaru,トゲデマル,Togedemaru,Electric,Steel
778,Mimikyu,ミミッキュ,Mimikkyu,Ghost,Fairy
779,Bruxish,ハギギシリ,Hagigishiri,Water,Psychic
780,Drampa,ジジーロン,Jijīron,Normal,Dragon
781,Dhelmise,ダダリン,Dadarin,Ghost,Grass
782,Jangmo-o,ジャラコ,Jarako,Dragon,
783,Hakamo-o,ジャランゴ,Jarango,Dragon,Fighting
784,Kommo-o,ジャラランガ,Jararanga,Dragon,Fighting
785,TapuKoko,カプ・コケコ,KapuKokeko,Electric,Fairy
786,TapuLele,カプ・テテフ,KapuTetefu,Psychic,Fairy
787,TapuBulu,カプ・ブルル,KapuBururu,Grass,Fairy
788,TapuFini,カプ・レヒレ,KapuRehire,Water,Fairy
789,Cosmog,コスモッグ,Kosumoggu,Psychic,
790,Cosmoem,コスモウム,Kosumoumu,Psychic,
791,Solgaleo,ソルガレオ,Sorugareo,Psychic,Steel
792,Lunala,ルナアーラ,Runaāra,Psychic,Ghost
793,Nihilego,ウツロイド,Utsuroido,Rock,Poison
794,Buzzwole,マッシブーン,Masshibūn,Bug,Fighting
795,Pheromosa,フェローチェ,Ferōche,Bug,Fighting
796,Xurkitree,デンジュモク,Denjumoku,Electric,
797,Celesteela,テッカグヤ,Tekkaguya,Steel,Flying
798,Kartana,カミツルギ,Kamitsurugi,Grass,Steel
799,Guzzlord,アクジキング,Akujikingu,Dark,Dragon
800,Necrozma,ネクロズマ,Nekurozuma,Psychic,
801,Magearna,マギアナ,Magiana,Steel,Fairy
802,Marshadow,マーシャドー,Māshadō,Fighting,Ghost
803,Poipole,ベベノム,Bebenomu,Poison,
804,Naganadel,アーゴヨン,Āgoyon,Poison,Dragon
805,Stakataka,ツンデツンデ,Tsundetsunde,Rock,Steel
806,Blacephalon,ズガドーン,Zugadōn,Fire,Ghost
807,Zeraora,ゼラオラ,Zeraora,Electric,
808,Meltan,メルタン,Merutan,Steel,
809,Melmetal,メルメタル,Merumetaru,Steel,
810,Grookey,サルノリ,Sarunori,Grass,
811,Thwackey,バチンキー,Bachinkī,Grass,
812,Rillaboom,ゴリランダー,Gorirandā,Grass,
813,Scorbunny,ヒバニー,Hibanī,Fire,
814,Raboot,ラビフット,Rabifutto,Fire,
815,Cinderace,エースバーン,Ēsubān,Fire,
816,Sobble,メッソン,Messon,Water,
817,Drizzile,ジメレオン,Jimereon,Water,
818,Inteleon,インテレオン,Intereon,Water,
819,Skwovet,ホシガリス,Hoshigarisu,Normal,
820,Greedent,ヨクバリス,Yokubarisu,Normal,
821,Rookidee,ココガラ,Kokogara,Flying,
822,Corvisquire,アオガラス,Aogarasu,Flying,
823,Corviknight,アーマーガア,Āmāgā,Flying,Steel
824,Blipbug,サッチムシ,Satchimushi,Bug,
825,Dottler,レドームシ,Redōmushi,Bug,Psychic
826,Orbeetle,イオルブ,Iorubu,Bug,Psychic
827,Nickit,クスネ,Kusune,Dark,
828,Thievul,フォクスライ,Fokusurai,Dark,
829,Gossifleur,ヒメンカ,Himenka,Grass,
830,Eldegoss,ワタシラガ,Watashiraga,Grass,
831,Wooloo,ウールー,Ūrū,Normal,
832,Dubwool,バイウールー,Baiūrū,Normal,
833,Chewtle,カムカメ,Kamukame,Water,
834,Drednaw,カジリガメ,Kajirigame,Water,Rock
835,Yamper,ワンパチ,Wanpachi,Electric,
836,Boltund,パルスワン,Parusuwan,Electric,
837,Rolycoly,タンドン,Tandon,Rock,
838,Carkol,トロッゴン,Toroggon,Rock,Fire
839,Coalossal,セキタンザン,Sekitanzan,Rock,Fire
840,Applin,カジッチュ,Kajitchu,Grass,Dragon
841,Flapple,アップリュー,Appuryū,Grass,Dragon
842,Appletun,タルップル,Taruppuru,Grass,Dragon
843,Silicobra,スナヘビ,Sunahebi,Ground,
844,Sandaconda,サダイジャ,Sadaija,Ground,
845,Cramorant,ウッウ,U'u,Flying,Water
846,Arrokuda,サシカマス,Sashikamasu,Water,
847,Barraskewda,カマスジョー,Kamasujō,Water,
848,Toxel,エレズン,Erezun,Electric,Poison
849,Toxtricity,ストリンダー,Sutorindā,Electric,Poison
850,Sizzlipede,ヤクデ,Yakude,Fire,Bug
851,Centiskorch,マルヤクデ,Maruyakude,Fire,Bug
852,Clobbopus,タタッコ,Tatakko,Fighting,
853,Grapploct,オトスパス,Otosupasu,Fighting,
854,Sinistea,ヤバチャ,Yabacha,Ghost,
855,Polteageist,ポットデス,Pottodesu,Ghost,
856,Hatenna,ミブリム,Miburimu,Psychic,
857,Hattrem,テブリム,Teburimu,Psychic,
858,Hatterene,ブリムオン,Burimuon,Psychic,Fairy
859,Impidimp,ベロバー,Berobā,Dark,Fairy
860,Morgrem,ギモー,Gimō,Dark,Fairy
861,Grimmsnarl,オーロンゲ,Ōronge,Dark,Fairy
862,Obstagoon,タチフサグマ,Tachifusaguma,Dark,Normal
863,Perrserker,ニャイキング,Nyaikingu,Steel,
864,Cursola,サニゴーン,Sanigōn,Ghost,
865,Sirfetch'd,ネギガナイト,Negiganaito,Fighting,
866,Mr.Rime,バリコオル,Barikōru,Psychic,Ice
867,Runerigus,デスバーン,Desubān,Ground,Ghost
868,Milcery,マホミル,Mahomiru,Fairy,
869,Alcremie,マホイップ,Mahoippu,Fairy,
870,Falinks,タイレーツ,Tairētsu,Fighting,
871,Pincurchin,バチンウニ,Bachin'uni,Electric,
872,Snom,ユキハミ,Yukihami,Ice,Bug
873,Frosmoth,モスノウ,Mosunō,Ice,Bug
874,Stonjourner,イシヘンジン,Ishihenjin,Rock,
875,Eiscue,コオリッポ,Kōrippo,Ice,
876,Indeedee,イエッサン,Iessan,Psychic,Normal
877,Morpeko,モルペコ,Morupeko,Electric,Dark
878,Cufant,ゾウドウ,Zōdō,Steel,
879,Copperajah,ダイオウドウ,Daiōdō,Steel,
880,Dracozolt,パッチラゴン,Patchiragon,Electric,Dragon
881,Arctozolt,パッチルドン,Patchirudon,Electric,Ice
882,Dracovish,ウオノラゴン,Uonoragon,Water,Dragon
883,Arctovish,ウオチルドン,Uochirudon,Water,Ice
884,Duraludon,ジュラルドン,Jurarudon,Steel,Dragon
885,Dreepy,ドラメシヤ,Dorameshiya,Dragon,Ghost
886,Drakloak,ドロンチ,Doronchi,Dragon,Ghost
887,Dragapult,ドラパルト,Doraparuto,Dragon,Ghost
888,Zacian,ザシアン,Zashian,Fairy,Steel
889,Zamazenta,ザマゼンタ,Zamazenta,Fighting,Steel
890,Eternatus,ムゲンダイナ,Mugendaina,Poison,Dragon